{"cameraMode":{"drawMode":0,"name":"Shaded","section":"Shading Mode"},"sceneLighting":true,"audioPlay":false,"sceneViewState":{"m_AlwaysRefresh":false,"showFog":true,"showSkybox":true,"showFlares":true,"showImageEffects":true,"showParticleSystems":true,"showVisualEffectGraphs":true,"m_FxEnabled":true},"in2DMode":false,"pivot":{"x":2.6078855991363527,"y":5.016562461853027,"z":-5.59218692779541},"rotation":{"x":0.09518256783485413,"y":-0.03940863162279129,"z":0.0037686312571167948,"w":0.9946870803833008},"size":7.033966541290283,"orthographic":true}