{"cameraMode":{"drawMode":0,"name":"Shaded","section":"Shading Mode"},"sceneLighting":false,"audioPlay":false,"sceneViewState":{"m_AlwaysRefresh":false,"showFog":true,"showSkybox":false,"showFlares":true,"showImageEffects":true,"showParticleSystems":true,"showVisualEffectGraphs":true,"m_FxEnabled":true},"in2DMode":false,"pivot":{"x":0.01144176721572876,"y":1.0353286266326905,"z":0.00037351250648498535},"rotation":{"x":0.19876964390277863,"y":0.0023522477131336929,"z":-0.0004828721284866333,"w":0.9800562262535095},"size":0.6568688154220581,"orthographic":true}