{"cameraMode":{"drawMode":0,"name":"Shaded","section":"Shading Mode"},"sceneLighting":false,"audioPlay":false,"sceneViewState":{"m_AlwaysRefresh":false,"showFog":true,"showSkybox":false,"showFlares":true,"showImageEffects":true,"showParticleSystems":true,"showVisualEffectGraphs":true,"m_FxEnabled":true},"in2DMode":false,"pivot":{"x":0.004553988575935364,"y":4.300347328186035,"z":0.002025611698627472},"rotation":{"x":-0.08050339668989182,"y":-0.6229733824729919,"z":0.06477690488100052,"w":-0.7754431366920471},"size":2.1996963024139406,"orthographic":true}