{"cameraMode":{"drawMode":0,"name":"Shaded","section":"Shading Mode"},"sceneLighting":false,"audioPlay":false,"sceneViewState":{"m_AlwaysRefresh":false,"showFog":true,"showSkybox":false,"showFlares":true,"showImageEffects":true,"showParticleSystems":true,"showVisualEffectGraphs":true,"m_FxEnabled":true},"in2DMode":false,"pivot":{"x":1.4190216064453126,"y":161.8084716796875,"z":-176.6490936279297},"rotation":{"x":0.19876964390277863,"y":0.0023522477131336929,"z":-0.0004828721284866333,"w":0.9800562262535095},"size":132.7385711669922,"orthographic":true}