{"cameraMode":{"drawMode":0,"name":"Shaded","section":"Shading Mode"},"sceneLighting":false,"audioPlay":false,"sceneViewState":{"m_AlwaysRefresh":false,"showFog":true,"showSkybox":false,"showFlares":true,"showImageEffects":true,"showParticleSystems":true,"showVisualEffectGraphs":true,"m_FxEnabled":true},"in2DMode":false,"pivot":{"x":0.06090855598449707,"y":0.011387348175048828,"z":-8.940696716308594e-8},"rotation":{"x":0.24264807999134065,"y":0.008148791268467904,"z":-0.0020441426895558836,"w":0.9700907468795776},"size":0.9590001106262207,"orthographic":true}